{
    "name": "root",
    "metadata": {
        "timer_format_version": "0.1.0",
        "start_time_seconds": "1747124258",
        "python_version": "3.10.12 | packaged by Anaconda, Inc. | (main, Jul  5 2023, 19:01:18) [MSC v.1916 64 bit (AMD64)]",
        "command_line_arguments": "C:\\Users\\benat\\.conda\\envs\\mlagents\\Scripts\\mlagents-learn configuration.yaml --run-id=18",
        "mlagents_version": "1.1.0",
        "mlagents_envs_version": "1.1.0",
        "communication_protocol_version": "1.5.0",
        "pytorch_version": "2.6.0+cpu",
        "numpy_version": "1.23.5",
        "end_time_seconds": "1747124367"
    },
    "total": 108.05646940000588,
    "count": 1,
    "self": 0.018546700004662853,
    "children": {
        "run_training.setup": {
            "total": 0.0722784999961732,
            "count": 1,
            "self": 0.0722784999961732
        },
        "TrainerController.start_learning": {
            "total": 107.96564420000504,
            "count": 1,
            "self": 0.22769059961865423,
            "children": {
                "TrainerController._reset_env": {
                    "total": 13.189682299998822,
                    "count": 1,
                    "self": 13.189682299998822
                },
                "TrainerController.advance": {
                    "total": 94.15264180038503,
                    "count": 6852,
                    "self": 0.24391970036231214,
                    "children": {
                        "env_step": {
                            "total": 90.70856169980834,
                            "count": 6852,
                            "self": 70.5853619000045,
                            "children": {
                                "SubprocessEnvManager._take_step": {
                                    "total": 19.990909899897815,
                                    "count": 6852,
                                    "self": 1.0016478002507938,
                                    "children": {
                                        "TorchPolicy.evaluate": {
                                            "total": 18.98926209964702,
                                            "count": 13682,
                                            "self": 18.98926209964702
                                        }
                                    }
                                },
                                "workers": {
                                    "total": 0.13228989990602713,
                                    "count": 6851,
                                    "self": 0.0,
                                    "children": {
                                        "worker_root": {
                                            "total": 85.52678109976114,
                                            "count": 6851,
                                            "is_parallel": true,
                                            "self": 38.02766510032234,
                                            "children": {
                                                "steps_from_proto": {
                                                    "total": 0.0031036000000312924,
                                                    "count": 2,
                                                    "is_parallel": true,
                                                    "self": 0.0004891999997198582,
                                                    "children": {
                                                        "_process_rank_one_or_two_observation": {
                                                            "total": 0.0026144000003114343,
                                                            "count": 4,
                                                            "is_parallel": true,
                                                            "self": 0.0026144000003114343
                                                        }
                                                    }
                                                },
                                                "UnityEnvironment.step": {
                                                    "total": 47.49601239943877,
                                                    "count": 6851,
                                                    "is_parallel": true,
                                                    "self": 0.8953244991062093,
                                                    "children": {
                                                        "UnityEnvironment._generate_step_input": {
                                                            "total": 0.5420476999352104,
                                                            "count": 6851,
                                                            "is_parallel": true,
                                                            "self": 0.5420476999352104
                                                        },
                                                        "communicator.exchange": {
                                                            "total": 42.83569610003906,
                                                            "count": 6851,
                                                            "is_parallel": true,
                                                            "self": 42.83569610003906
                                                        },
                                                        "steps_from_proto": {
                                                            "total": 3.2229441003582906,
                                                            "count": 13698,
                                                            "is_parallel": true,
                                                            "self": 1.4862916004713043,
                                                            "children": {
                                                                "_process_rank_one_or_two_observation": {
                                                                    "total": 1.7366524998869863,
                                                                    "count": 27396,
                                                                    "is_parallel": true,
                                                                    "self": 1.7366524998869863
                                                                }
                                                            }
                                                        }
                                                    }
                                                }
                                            }
                                        }
                                    }
                                }
                            }
                        },
                        "trainer_advance": {
                            "total": 3.200160400214372,
                            "count": 13702,
                            "self": 0.3661512998078251,
                            "children": {
                                "process_trajectory": {
                                    "total": 2.834009100406547,
                                    "count": 13702,
                                    "self": 2.834009100406547
                                }
                            }
                        }
                    }
                },
                "trainer_threads": {
                    "total": 2.9100003303028643e-05,
                    "count": 1,
                    "self": 2.9100003303028643e-05
                },
                "TrainerController._save_models": {
                    "total": 0.395600399999239,
                    "count": 1,
                    "self": 0.007252700001117773,