{"count":1,"self":612.75499519999994,"total":2163.7695573,"children":{"InitializeActuators":{"count":2,"self":0.0015134999999999999,"total":0.0015134999999999999,"children":null},"InitializeSensors":{"count":2,"self":0,"total":0,"children":null},"AgentSendState":{"count":1593334,"self":1.3231001,"total":24.0150157,"children":{"CollectObservations":{"count":637334,"self":9.6404224,"total":9.6404225,"children":null},"WriteActionMask":{"count":637334,"self":0.1881676,"total":0.1881676,"children":null},"RequestDecision":{"count":637334,"self":0.6912013,"total":12.8633255,"children":{"AgentInfo.ToProto":{"count":637334,"self":0.71974989999999994,"total":12.172124199999999,"children":{"GenerateSensorData":{"count":637334,"self":11.4523744,"total":11.452374299999999,"children":null}}}}}}},"DecideAction":{"count":1593334,"self":1525.6783871999999,"total":1525.6783418999999,"children":null},"AgentAct":{"count":1593334,"self":1.3035242999999999,"total":1.3196915999999999,"children":{"AgentInfo.ToProto":{"count":1094,"self":0.00050539999999999992,"total":0.0161673,"children":{"GenerateSensorData":{"count":1094,"self":0.0156619,"total":0.0156619,"children":null}}}}}},"gauges":{"ChompMan.CumulativeReward":{"count":547,"max":831.11,"min":-175.298645,"runningAverage":34.40311,"value":-23.101059,"weightedAverage":73.5291},"Ghost.CumulativeReward":{"count":547,"max":80.1000061,"min":-6645.36,"runningAverage":-449.74234,"value":-149.538513,"weightedAverage":-118.564537}},"metadata":{"timer_format_version":"0.1.0","start_time_seconds":"1747140577","unity_version":"2022.3.44f1","command_line_arguments":"C:\\Program Files\\Unity\\Hub\\Editor\\2022.3.44f1\\Editor\\Unity.exe -projectpath C:\\Users\\benat.ramirez\\Documents\\git\\ChompMan2-AhoraEsPersonal -useHub -hubIPC -cloudEnvironment production -licensingIpc LicenseClient-benat.ramirez -hubSessionId b8bfdebe-ee32-4702-8b10-4df16882d927 -accessToken -7Zcg_wPw5G-Eh11tkw2_-lIjeehdtQZQCMemtZl1qU006f","communication_protocol_version":"1.5.0","com.unity.ml-agents_version":"2.0.1","scene_name":"scene","end_time_seconds":"1747142741"}}