{"count":1,"self":8628.4648447999989,"total":9225.5779549999988,"children":{"InitializeActuators":{"count":2,"self":0.0020053,"total":0.0020053,"children":null},"InitializeSensors":{"count":2,"self":0.0020848999999999998,"total":0.0020848999999999998,"children":null},"AgentSendState":{"count":236767,"self":0.7438108,"total":9.3803603,"children":{"CollectObservations":{"count":94708,"self":3.1748238,"total":3.1748238,"children":null},"WriteActionMask":{"count":94708,"self":0.12488909999999999,"total":0.12488909999999999,"children":null},"RequestDecision":{"count":94708,"self":0.40811359999999997,"total":5.3368366,"children":{"AgentInfo.ToProto":{"count":94708,"self":0.44621869999999997,"total":4.928723,"children":{"GenerateSensorData":{"count":94708,"self":4.4825044,"total":4.4825042999999996,"children":null}}}}}}},"DecideAction":{"count":236767,"self":587.1636992,"total":587.1637041,"children":null},"AgentAct":{"count":236767,"self":0.558257,"total":0.5637712,"children":{"AgentInfo.ToProto":{"count":80,"self":0,"total":0.0055141999999999995,"children":{"GenerateSensorData":{"count":80,"self":0.0055141999999999995,"total":0.0055141999999999995,"children":null}}}}}},"gauges":{"ChompMan.CumulativeReward":{"count":40,"max":-84.99844,"min":-201.499237,"runningAverage":-110.0244,"value":-101.2,"weightedAverage":-105.873833},"Ghost.CumulativeReward":{"count":40,"max":999.3,"min":-200.003,"runningAverage":456.981232,"value":980.8,"weightedAverage":684.727661}},"metadata":{"timer_format_version":"0.1.0","start_time_seconds":"1746901348","unity_version":"2022.3.44f1","command_line_arguments":"C:\\Program Files\\Unity\\Hub\\Editor\\2022.3.44f1\\Editor\\Unity.exe -projectpath C:\\Users\\benat\\git\\ChompMan2-AhoraEsPersonal -useHub -hubIPC -cloudEnvironment production -licensingIpc LicenseClient-benat -hubSessionId de21aa3f-eb41-4e1f-9e26-1f351e82bc43 -accessToken VAk8_cbphyXQ4xC3qiNfEfm3UOXnDygabfWe6f2bVy8006f","communication_protocol_version":"1.5.0","com.unity.ml-agents_version":"2.0.1","scene_name":"scene","end_time_seconds":"1746910573"}}