{
    "name": "root",
    "gauges": {
        "ChompMan.Policy.Entropy.mean": {
            "value": 1.6087931394577026,
            "min": 1.6087931394577026,
            "max": 1.6087931394577026,
            "count": 1
        },
        "ChompMan.Policy.Entropy.sum": {
            "value": 16134.5869140625,
            "min": 16134.5869140625,
            "max": 16134.5869140625,
            "count": 1
        },
        "ChompMan.Step.mean": {
            "value": 9965.0,
            "min": 9965.0,
            "max": 9965.0,
            "count": 1
        },
        "ChompMan.Step.sum": {
            "value": 9965.0,
            "min": 9965.0,
            "max": 9965.0,
            "count": 1
        },
        "ChompMan.Policy.ExtrinsicBaselineEstimate.mean": {
            "value": 0.0739474669098854,
            "min": 0.0739474669098854,
            "max": 0.0739474669098854,
            "count": 1
        },
        "ChompMan.Policy.ExtrinsicBaselineEstimate.sum": {
            "value": 11.757647514343262,
            "min": 11.757647514343262,
            "max": 11.757647514343262,
            "count": 1
        },
        "ChompMan.Policy.ExtrinsicValueEstimate.mean": {
            "value": 0.0739474669098854,
            "min": 0.0739474669098854,
            "max": 0.0739474669098854,
            "count": 1
        },
        "ChompMan.Policy.ExtrinsicValueEstimate.sum": {
            "value": 11.757647514343262,
            "min": 11.757647514343262,
            "max": 11.757647514343262,
            "count": 1
        },
        "ChompMan.Environment.EpisodeLength.mean": {
            "value": 1521.1666666666667,
            "min": 1521.1666666666667,
            "max": 1521.1666666666667,
            "count": 1
        },
        "ChompMan.Environment.EpisodeLength.sum": {
            "value": 9127.0,
            "min": 9127.0,
            "max": 9127.0,
            "count": 1
        },
        "ChompMan.Environment.CumulativeReward.mean": {
            "value": -127.21667830149333,
            "min": -127.21667830149333,
            "max": -127.21667830149333,
            "count": 1
        },
        "ChompMan.Environment.CumulativeReward.sum": {
            "value": -763.30006980896,
            "min": -763.30006980896,
            "max": -763.30006980896,
            "count": 1
        },
        "ChompMan.Policy.ExtrinsicReward.mean": {
            "value": -127.21667830149333,
            "min": -127.21667830149333,
            "max": -127.21667830149333,
            "count": 1
        },
        "ChompMan.Policy.ExtrinsicReward.sum": {
            "value": -763.30006980896,
            "min": -763.30006980896,
            "max": -763.30006980896,
            "count": 1
        },
        "ChompMan.Environment.GroupCumulativeReward.mean": {
            "value": 0.0,
            "min": 0.0,
            "max": 0.0,
            "count": 1
        },
        "ChompMan.Environment.GroupCumulativeReward.sum": {
            "value": 0.0,
            "min": 0.0,
            "max": 0.0,
            "count": 1
        },
        "ChompMan.IsTraining.mean": {
            "value": 1.0,
            "min": 1.0,
            "max": 1.0,
            "count": 1
        },
        "ChompMan.IsTraining.sum": {
            "value": 1.0,
            "min": 1.0,
            "max": 1.0,
            "count": 1
        },
        "Ghost.Policy.Entropy.mean": {
            "value": 1.6092559099197388,
            "min": 1.6092559099197388,
            "max": 1.6092559099197388,
            "count": 1
        },
        "Ghost.Policy.Entropy.sum": {
            "value": 16139.2275390625,
            "min": 16139.2275390625,
            "max": 16139.2275390625,
            "count": 1
        },
        "Ghost.Step.mean": {
            "value": 9965.0,
            "min": 9965.0,
            "max": 9965.0,
            "count": 1
        },
        "Ghost.Step.sum": {
            "value": 9965.0,
            "min": 9965.0,
            "max": 9965.0,
            "count": 1
        },
        "Ghost.Policy.ExtrinsicBaselineEstimate.mean": {
            "value": 0.17128096520900726,
            "min": 0.17128096520900726,
            "max": 0.17128096520900726,
            "count": 1
        },
        "Ghost.Policy.ExtrinsicBaselineEstimate.sum": {
            "value": 27.233673095703125,
            "min": 27.233673095703125,
            "max": 27.233673095703125,
            "count": 1
        },
        "Ghost.Policy.ExtrinsicValueEstimate.mean": {
            "value": 0.17128096520900726,
            "min": 0.17128096520900726,
            "max": 0.17128096520900726,
            "count": 1
        },
        "Ghost.Policy.ExtrinsicValueEstimate.sum": {
            "value": 27.233673095703125,
            "min": 27.233673095703125,
            "max": 27.233673095703125,
            "count": 1
        },
        "Ghost.Environment.EpisodeLength.mean": {
            "value": 1521.1666666666667,
            "min": 1521.1666666666667,
            "max": 1521.1666666666667,
            "count": 1
        },
        "Ghost.Environment.EpisodeLength.sum": {
            "value": 9127.0,
            "min": 9127.0,
            "max": 9127.0,
            "count": 1
        },
        "Ghost.Environment.CumulativeReward.mean": {
            "value": 347.79999274015427,
            "min": 347.79999274015427,
            "max": 347.79999274015427,
            "count": 1
        },
        "Ghost.Environment.CumulativeReward.sum": {
            "value": 2086.7999564409256,
            "min": 2086.7999564409256,
            "max": 2086.7999564409256,
            "count": 1
        },
        "Ghost.Policy.ExtrinsicReward.mean": {
            "value": 347.79999274015427,
            "min": 347.79999274015427,
            "max": 347.79999274015427,
            "count": 1
        },
        "Ghost.Policy.ExtrinsicReward.sum": {
            "value": 2086.7999564409256,
            "min": 2086.7999564409256,
            "max": 2086.7999564409256,
            "count": 1
        },
        "Ghost.Environment.GroupCumulativeReward.mean": {
            "value": 0.0,
            "min": 0.0,
            "max": 0.0,
            "count": 1
        },
        "Ghost.Environment.GroupCumulativeReward.sum": {
            "value": 0.0,
            "min": 0.0,
            "max": 0.0,
            "count": 1
        },
        "Ghost.IsTraining.mean": {
            "value": 1.0,
            "min": 1.0,
            "max": 1.0,
            "count": 1
        },
        "Ghost.IsTraining.sum": {
            "value": 1.0,
            "min": 1.0,
            "max": 1.0,
            "count": 1
        }
    },
    "metadata": {
        "timer_format_version": "0.1.0",
        "start_time_seconds": "1746900468",
        "python_version": "3.10.12 | packaged by Anaconda, Inc. | (main, Jul  5 2023, 19:01:18) [MSC v.1916 64 bit (AMD64)]",
        "command_line_arguments": "C:\\Users\\benat\\.conda\\envs\\mlagents\\Scripts\\mlagents-learn configuration.yaml --run-id=run10",
        "mlagents_version": "1.1.0",
        "mlagents_envs_version": "1.1.0",
        "communication_protocol_version": "1.5.0",
        "pytorch_version": "2.6.0+cpu",
        "numpy_version": "1.23.5",
        "end_time_seconds": "1746900877"
    },
    "total": 408.7484027999999,
    "count": 1,
    "self": 0.01144150000072841,
    "children": {
        "run_training.setup": {
            "total": 0.07846079999944777,
            "count": 1,
            "self": 0.07846079999944777
        },
        "TrainerController.start_learning": {
            "total": 408.6585004999997,
            "count": 1,
            "self": 0.9123494999967079,
            "children": {
                "TrainerController._reset_env": {
                    "total": 12.018242599999212,
                    "count": 1,
                    "self": 12.018242599999212
                },