{
    "name": "root",
    "gauges": {
        "ChompMan.Policy.Entropy.mean": {
            "value": 1.6019575595855713,
            "min": 1.6019575595855713,
            "max": 1.6019575595855713,
            "count": 1
        },
        "ChompMan.Policy.Entropy.sum": {
            "value": 48073.14453125,
            "min": 48073.14453125,
            "max": 48073.14453125,
            "count": 1
        },
        "ChompMan.Step.mean": {
            "value": 29945.0,
            "min": 29945.0,
            "max": 29945.0,
            "count": 1
        },
        "ChompMan.Step.sum": {
            "value": 29945.0,
            "min": 29945.0,
            "max": 29945.0,
            "count": 1
        },
        "ChompMan.Policy.ExtrinsicBaselineEstimate.mean": {
            "value": -0.41049426794052124,
            "min": -0.41049426794052124,
            "max": -0.41049426794052124,
            "count": 1
        },
        "ChompMan.Policy.ExtrinsicBaselineEstimate.sum": {
            "value": -197.44773864746094,
            "min": -197.44773864746094,
            "max": -197.44773864746094,
            "count": 1
        },
        "ChompMan.Policy.ExtrinsicValueEstimate.mean": {
            "value": -0.41049426794052124,
            "min": -0.41049426794052124,
            "max": -0.41049426794052124,
            "count": 1
        },
        "ChompMan.Policy.ExtrinsicValueEstimate.sum": {
            "value": -197.44773864746094,
            "min": -197.44773864746094,
            "max": -197.44773864746094,
            "count": 1
        },
        "ChompMan.Environment.EpisodeLength.mean": {
            "value": 1467.45,
            "min": 1467.45,
            "max": 1467.45,
            "count": 1
        },
        "ChompMan.Environment.EpisodeLength.sum": {
            "value": 29349.0,
            "min": 29349.0,
            "max": 29349.0,
            "count": 1
        },
        "ChompMan.Environment.CumulativeReward.mean": {
            "value": -38.945006507635114,
            "min": -38.945006507635114,
            "max": -38.945006507635114,
            "count": 1
        },
        "ChompMan.Environment.CumulativeReward.sum": {
            "value": -778.9001301527023,
            "min": -778.9001301527023,
            "max": -778.9001301527023,
            "count": 1
        },
        "ChompMan.Policy.ExtrinsicReward.mean": {
            "value": -38.945006507635114,
            "min": -38.945006507635114,
            "max": -38.945006507635114,
            "count": 1
        },
        "ChompMan.Policy.ExtrinsicReward.sum": {
            "value": -778.9001301527023,
            "min": -778.9001301527023,
            "max": -778.9001301527023,
            "count": 1
        },
        "ChompMan.Environment.GroupCumulativeReward.mean": {
            "value": 0.0,
            "min": 0.0,
            "max": 0.0,
            "count": 1
        },
        "ChompMan.Environment.GroupCumulativeReward.sum": {
            "value": 0.0,
            "min": 0.0,
            "max": 0.0,
            "count": 1
        },
        "ChompMan.Losses.PolicyLoss.mean": {
            "value": 0.025407733605243267,
            "min": 0.025407733605243267,
            "max": 0.025407733605243267,
            "count": 1
        },
        "ChompMan.Losses.PolicyLoss.sum": {
            "value": 0.050815467210486534,
            "min": 0.050815467210486534,
            "max": 0.050815467210486534,
            "count": 1
        },
        "ChompMan.Losses.ValueLoss.mean": {
            "value": 44.47983274459838,
            "min": 44.47983274459838,
            "max": 44.47983274459838,
            "count": 1
        },
        "ChompMan.Losses.ValueLoss.sum": {
            "value": 88.95966548919677,
            "min": 88.95966548919677,
            "max": 88.95966548919677,
            "count": 1
        },
        "ChompMan.Losses.BaselineLoss.mean": {
            "value": 45.48998549779256,
            "min": 45.48998549779256,
            "max": 45.48998549779256,
            "count": 1
        },
        "ChompMan.Losses.BaselineLoss.sum": {
            "value": 90.97997099558512,
            "min": 90.97997099558512,
            "max": 90.97997099558512,
            "count": 1
        },
        "ChompMan.Policy.LearningRate.mean": {
            "value": 0.0002990739003087,
            "min": 0.0002990739003087,
            "max": 0.0002990739003087,
            "count": 1
        },
        "ChompMan.Policy.LearningRate.sum": {
            "value": 0.0005981478006174,
            "min": 0.0005981478006174,
            "max": 0.0005981478006174,
            "count": 1
        },
        "ChompMan.Policy.Epsilon.mean": {
            "value": 0.1996913,
            "min": 0.1996913,
            "max": 0.1996913,
            "count": 1
        },
        "ChompMan.Policy.Epsilon.sum": {
            "value": 0.3993826,
            "min": 0.3993826,
            "max": 0.3993826,
            "count": 1
        },
        "ChompMan.Policy.Beta.mean": {
            "value": 0.0049845958700000005,
            "min": 0.0049845958700000005,
            "max": 0.0049845958700000005,
            "count": 1
        },
        "ChompMan.Policy.Beta.sum": {
            "value": 0.009969191740000001,
            "min": 0.009969191740000001,
            "max": 0.009969191740000001,
            "count": 1
        },
        "ChompMan.IsTraining.mean": {
            "value": 1.0,
            "min": 1.0,
            "max": 1.0,
            "count": 1
        },
        "ChompMan.IsTraining.sum": {
            "value": 1.0,
            "min": 1.0,
            "max": 1.0,
            "count": 1
        },
        "Ghost.Policy.Entropy.mean": {
            "value": 1.6044507026672363,
            "min": 1.6044507026672363,
            "max": 1.6044507026672363,
            "count": 1
        },
        "Ghost.Policy.Entropy.sum": {
            "value": 48147.9609375,
            "min": 48147.9609375,
            "max": 48147.9609375,
            "count": 1
        },
        "Ghost.Step.mean": {
            "value": 29945.0,
            "min": 29945.0,
            "max": 29945.0,
            "count": 1
        },
        "Ghost.Step.sum": {
            "value": 29945.0,
            "min": 29945.0,
            "max": 29945.0,
            "count": 1
        },
        "Ghost.Policy.ExtrinsicBaselineEstimate.mean": {
            "value": -0.6974252462387085,
            "min": -0.6974252462387085,
            "max": -0.6974252462387085,
            "count": 1
        },
        "Ghost.Policy.ExtrinsicBaselineEstimate.sum": {
            "value": -335.4615478515625,
            "min": -335.4615478515625,
            "max": -335.4615478515625,
            "count": 1
        },
        "Ghost.Policy.ExtrinsicValueEstimate.mean": {
            "value": -0.6974252462387085,
            "min": -0.6974252462387085,
            "max": -0.6974252462387085,
            "count": 1
        },
        "Ghost.Policy.ExtrinsicValueEstimate.sum": {
            "value": -335.4615478515625,
            "min": -335.4615478515625,
            "max": -335.4615478515625,
            "count": 1
        },
        "Ghost.Environment.EpisodeLength.mean": {
            "value": 1467.45,
            "min": 1467.45,
            "max": 1467.45,
            "count": 1
        },
        "Ghost.Environment.EpisodeLength.sum": {
            "value": 29349.0,
            "min": 29349.0,
            "max": 29349.0,
            "count": 1
        },
        "Ghost.Environment.CumulativeReward.mean": {
            "value": -130.67937428951262,
            "min": -130.67937428951262,
            "max": -130.67937428951262,
            "count": 1
        },
        "Ghost.Environment.CumulativeReward.sum": {
            "value": -2613.5874857902527,
            "min": -2613.5874857902527,
            "max": -2613.5874857902527,
            "count": 1
        },