{
    "name": "root",
    "metadata": {
        "timer_format_version": "0.1.0",
        "start_time_seconds": "1746895571",
        "python_version": "3.10.12 | packaged by Anaconda, Inc. | (main, Jul  5 2023, 19:01:18) [MSC v.1916 64 bit (AMD64)]",
        "command_line_arguments": "C:\\Users\\benat\\.conda\\envs\\mlagents\\Scripts\\mlagents-learn --run-id=run1",
        "mlagents_version": "1.1.0",
        "mlagents_envs_version": "1.1.0",
        "communication_protocol_version": "1.5.0",
        "pytorch_version": "2.6.0+cpu",
        "numpy_version": "1.23.5",
        "end_time_seconds": "1746895613"
    },
    "total": 42.48696420000033,
    "count": 1,
    "self": 0.01662280000073224,
    "children": {
        "run_training.setup": {
            "total": 0.02456660000007105,
            "count": 1,
            "self": 0.02456660000007105
        },
        "TrainerController.start_learning": {
            "total": 42.445774799999526,
            "count": 1,
            "self": 0.019895000011274533,
            "children": {
                "TrainerController._reset_env": {
                    "total": 24.33790439999939,
                    "count": 1,
                    "self": 24.33790439999939
                },
                "TrainerController.advance": {
                    "total": 17.602746599988677,
                    "count": 337,
                    "self": 0.019805599972642085,
                    "children": {
                        "env_step": {
                            "total": 17.49728340000547,
                            "count": 337,
                            "self": 16.436734000019896,
                            "children": {
                                "SubprocessEnvManager._take_step": {
                                    "total": 1.0486946999953943,
                                    "count": 337,
                                    "self": 0.048427099996843026,
                                    "children": {
                                        "TorchPolicy.evaluate": {
                                            "total": 1.0002675999985513,
                                            "count": 337,
                                            "self": 1.0002675999985513
                                        }
                                    }
                                },
                                "workers": {
                                    "total": 0.011854699990180961,
                                    "count": 336,
                                    "self": 0.0,
                                    "children": {
                                        "worker_root": {
                                            "total": 14.459508899988577,
                                            "count": 336,
                                            "is_parallel": true,
                                            "self": 10.126797299991267,
                                            "children": {
                                                "steps_from_proto": {
                                                    "total": 0.0026068999995914055,
                                                    "count": 1,
                                                    "is_parallel": true,
                                                    "self": 0.0009422999992239056,
                                                    "children": {
                                                        "_process_rank_one_or_two_observation": {
                                                            "total": 0.0016646000003674999,
                                                            "count": 2,
                                                            "is_parallel": true,
                                                            "self": 0.0016646000003674999
                                                        }
                                                    }
                                                },
                                                "UnityEnvironment.step": {
                                                    "total": 4.330104699997719,
                                                    "count": 336,
                                                    "is_parallel": true,
                                                    "self": 0.05784410000433127,
                                                    "children": {
                                                        "UnityEnvironment._generate_step_input": {
                                                            "total": 0.0388086999873849,
                                                            "count": 336,
                                                            "is_parallel": true,
                                                            "self": 0.0388086999873849
                                                        },
                                                        "communicator.exchange": {
                                                            "total": 4.058892800004287,
                                                            "count": 336,
                                                            "is_parallel": true,
                                                            "self": 4.058892800004287
                                                        },
                                                        "steps_from_proto": {
                                                            "total": 0.1745591000017157,
                                                            "count": 336,
                                                            "is_parallel": true,
                                                            "self": 0.08097409999572847,
                                                            "children": {
                                                                "_process_rank_one_or_two_observation": {
                                                                    "total": 0.09358500000598724,
                                                                    "count": 672,
                                                                    "is_parallel": true,
                                                                    "self": 0.09358500000598724
                                                                }
                                                            }
                                                        }
                                                    }
                                                }
                                            }
                                        }
                                    }
                                }
                            }
                        },
                        "trainer_advance": {
                            "total": 0.08565760001056333,
                            "count": 336,
                            "self": 0.019844600007672852,
                            "children": {
                                "process_trajectory": {
                                    "total": 0.06581300000289048,
                                    "count": 336,
                                    "self": 0.06581300000289048
                                }
                            }
                        }
                    }
                },
                "trainer_threads": {
                    "total": 1.4000006558489986e-06,
                    "count": 1,
                    "self": 1.4000006558489986e-06
                },
                "TrainerController._save_models": {
                    "total": 0.48522739999953046,
                    "count": 1,
                    "self": 0.001948199999787903,